Artist,Title,Release Date
c0ncernn,lately this feeling (i'm so drunk ............),20230720
c0ncernn,Bouncin off dA window ★★★,20230410
c0ncernn,.PACK YOUR BAGS.LET IT ROCK.HEAR THE RUMBLE.,20230314
c0ncernn,"Still into Ü, Ür happy endings, And Ür FAKE LÜV",20230222
c0ncernn,omg! ~CR*SH DESIRE~,20230205
c0ncernn,Her head is so0o0o0o0 rolling (POST-MORTEM MIX),20230120
c0ncernn,BACK DOOR EXIT ---- IVE got a cr*sh on you,20221122
c0ncernn,FRONT DOOR ENTRY ONLY ---- until I cant feel a thing,20221120
c0ncernn,Put me back together [[[ON THE FLOOR]]],20221013
c0ncernn,it's up to YOU now!!,20220709
c0ncernn,Jack'd My Swag ( & Those DAMN PRICES ),20220627
c0ncernn,WE'VE BEEN SMOKING ALL DAY ............,20220617
c0ncernn,Dariacore Song Tutorial,20220515
c0ncernn,move for me & the penultimate dagger,20220516
c0ncernn,world's sourest honey,20220509
c0ncernn,i hate when BOYS lie,20220319
c0ncernn,kick of a lifetime,20220305
c0ncernn,a funk you can't dance out,20220130
c0ncernn,damn! we got it bad: you'll never guess what happens next,20220109
c0ncernn,fuuuuck we were supposed to wear argyle,20220101
c0ncernn,night of the living midtempo EDM bro,20211224
c0ncernn,snatch the cat back,20211211
c0ncernn,leroy - S3 E2b [LOST EPISODE] it's giving cher,20211117
c0ncernn,her head is soooo rolling!! love her,20211029
c0ncernn,the joke is on you,20211010
c0ncernn,we love your vibe,20210905
c0ncernn,awesome ends with ME and ugly starts with U,20210807
c0ncernn,i never go swimming without my lip liner,20210717
c0ncernn,the dariacore to YTP pipeline,20210706
c0ncernn,snare of a lifetime,20210716
c0ncernn,wants mom to know she looks cool and doesn't plan on changing,20210630
c0ncernn,starbucks employee vs. niche twitter personality @c0ncernn,20210626
c0ncernn,dyed my hair black,20210621
c0ncernn,leroy @ summer solstice (06/22/21),20210616
c0ncernn,video game lover vs. hydraulic press,20210609
c0ncernn,...during pride month?,20210604
c0ncernn,stupid hoe,20210531
c0ncernn,DILF repellent,20210522
c0ncernn,virginity rockstar,20210513
c0ncernn,shashshashshash,20210509
c0ncernn,2on,20210424
c0ncernn,dessert,20210404
c0ncernn,turmoiled,20210318
c0ncernn,die in my dream,20210310
c0ncernn,bluuuueeeee,20210227
c0ncernn,will work for food,20210221
c0ncernn,copyright strike my fucking nuts,20210209
c0ncernn,2008,20210115
c0ncernn,theyfriend,20210103
c0ncernn,1235,20201223
c0ncernn,outside,20201218
c0ncernn,go white girl go,20201213
c0ncernn,parental rift,20201205
c0ncernn,ricky bobby,20201201
janeremover,jane_remover_offline.zip [NTS Radio],20240103
janeremover,I've Cried 4 U (The Unlovables Cover),20231215
janeremover,jane_remover_memorabilia.zip [NTS Radio],20231207
janeremover,jane_remover_volleyball.zip [NTS Radio],20231109
janeremover,Cage Girl / Camgirl,20230823
janeremover,Fling,20230823
janeremover,Holding a Leech,20230823
janeremover,Backseat Girl,20230823
janeremover,Idling Somewhere,20230823
janeremover,Always Have Always Will,20230823
janeremover,Video,20230823
janeremover,Contingency Song (Album Version,20230823
janeremover,Census Designated,20230823
janeremover,jane_remover_abyssal_zone_B.zip [NTS Radio],20230827
janeremover,Lips,20230803
janeremover,jane_remover_cryotherapy.exe [NTS Radio],20230818
janeremover,jane_remover_darkworld.zip [NTS Radio],20230523
janeremover,jane_remover_time_capsule.zip [NTS Radio],20230422
janeremover,jane_remover_abyssal_zone.zip [NTS Radio],20230309
janeremover,jane_remover_remixes.zip [NTS Radio],20230303
janeremover,Like a Kiss (demo),20220928
janeremover,Contingency Song,20220618
janeremover,Royal Blue Walls,20220514
janeremover,dust bowl (ethel cain cover),20220423
janeremover,Cage Girl,20220418
janeremover,can you tell?,20210926
janeremover,"buzzcut, daisy",20210919
janeremover,misplace,20210820
janeremover,your clothes,20210730
janeremover,kodak moment,20210630
janeremover,"eyes off the wheel, i'm a star",20210619
janeremover,let's go home,20210531
janeremover,movies for guys,20210412
janeremover,goldfish,20210816
janeremover,champ,20210805
janeremover,search party,20210728
janeremover,pretender,20210517
janeremover,how to lie,20210429
janeremover,it's a vicious cycle,20210320
janeremover,homeswitcher (feat. kmoe),20220910
janeremover,seventeen,20201216
janeremover,52 blue mondays,20210112
janeremover,woodside gardens 16 december 2012,20201208
janeremover,me,20201101
janeremover,Gummy,20200630
janeremover,Shut my mouth,20200612
janeremover,Camp Frailty doomsday incident (Full recording),20200610
janeremover,Do it again,20200507
janeremover,Death of pride,20200407
